-- MySQL dump 10.13  Distrib 8.0.19, for Win64 (x86_64)
--
-- Host: 127.0.0.1    Database: CdeABeltran24
-- ------------------------------------------------------
-- Server version	11.3.2-MariaDB

/*!40101 SET @OLD_CHARACTER_SET_CLIENT=@@CHARACTER_SET_CLIENT */;
/*!40101 SET @OLD_CHARACTER_SET_RESULTS=@@CHARACTER_SET_RESULTS */;
/*!40101 SET @OLD_COLLATION_CONNECTION=@@COLLATION_CONNECTION */;
/*!50503 SET NAMES utf8mb4 */;
/*!40103 SET @OLD_TIME_ZONE=@@TIME_ZONE */;
/*!40103 SET TIME_ZONE='+00:00' */;
/*!40014 SET @OLD_UNIQUE_CHECKS=@@UNIQUE_CHECKS, UNIQUE_CHECKS=0 */;
/*!40014 SET @OLD_FOREIGN_KEY_CHECKS=@@FOREIGN_KEY_CHECKS, FOREIGN_KEY_CHECKS=0 */;
/*!40101 SET @OLD_SQL_MODE=@@SQL_MODE, SQL_MODE='NO_AUTO_VALUE_ON_ZERO' */;
/*!40111 SET @OLD_SQL_NOTES=@@SQL_NOTES, SQL_NOTES=0 */;

--
-- Table structure for table `auditoria`
--

DROP TABLE IF EXISTS `auditoria`;
/*!40101 SET @saved_cs_client     = @@character_set_client */;
/*!50503 SET character_set_client = utf8mb4 */;
CREATE TABLE `auditoria` (
  `id` int(11) NOT NULL AUTO_INCREMENT,
  `idUsuario` int(11) NOT NULL,
  `accion` varchar(255) NOT NULL,
  `descripcion` text DEFAULT NULL,
  `fecha` timestamp NULL DEFAULT current_timestamp(),
  PRIMARY KEY (`id`),
  KEY `idUsuario` (`idUsuario`),
  CONSTRAINT `auditoria_ibfk_1` FOREIGN KEY (`idUsuario`) REFERENCES `usuarios` (`id`)
) ENGINE=InnoDB AUTO_INCREMENT=33 DEFAULT CHARSET=utf8mb4 COLLATE=utf8mb4_general_ci;
/*!40101 SET character_set_client = @saved_cs_client */;

--
-- Dumping data for table `auditoria`
--

LOCK TABLES `auditoria` WRITE;
/*!40000 ALTER TABLE `auditoria` DISABLE KEYS */;
INSERT INTO `auditoria` VALUES (1,1,'Modificar Usuario','Usuario modificado: elpand4s, Legajo: L001','2024-09-09 16:09:20'),(2,1,'Modificar Persona','Persona modificada: Lautaro Jimenez, DNI: 43658139','2024-09-09 19:08:08'),(3,1,'Agregar Persona','Persona agregada: pepe pepito, DNI: 33555666','2024-09-09 19:09:45'),(4,1,'Eliminar Usuario','Usuario eliminado: pepe.pepito','2024-09-09 19:10:12'),(5,1,'Eliminar Persona','Persona eliminada: pepe pepito','2024-09-09 19:10:27'),(6,1,'Modificar Usuario','Usuario modificado: lautaro.jimenez, Legajo: LJ001','2024-09-09 20:12:39'),(9,1,'Modificar Persona','Persona modificada: Lautaro Gimenez, DNI: 43658139','2024-09-30 11:35:31'),(10,1,'Eliminar Usuario','Usuario eliminado: lukita','2024-10-02 21:09:01'),(11,1,'Modificar Usuario','Usuario modificado: lautaro.jimenez, Legajo: LJ001','2024-10-02 21:09:25'),(12,1,'Modificar Usuario','Usuario modificado: elpand4s, Legajo: L001','2024-10-18 22:17:57'),(13,1,'Modificar Usuario','Usuario modificado: elpand4s, Legajo: L001','2024-10-18 22:18:08'),(14,1,'Agregar Persona','Persona agregada: Ivan Lencina, DNI: 43212345','2024-12-12 13:18:18'),(15,1,'Modificar Usuario','Usuario modificado: ivan, Legajo: L0015','2024-12-12 13:19:05'),(16,1,'Modificar Usuario','Usuario modificado: lautaro.jimenez, Legajo: LJ001','2024-12-12 23:50:32'),(17,1,'Agregar Persona','Persona agregada: a borrar apellido, DNI: 33655967','2024-12-13 00:01:38'),(18,1,'Eliminar Usuario','Usuario eliminado: ','2024-12-13 00:01:59'),(19,1,'Eliminar Persona','Persona eliminada: a borrar apellido','2024-12-13 00:02:09'),(20,1,'Eliminar Usuario','Usuario marcado como eliminado (borrado l칩gico): ID 6','2024-12-14 22:07:26'),(21,1,'Modificar Persona','Persona modificada: Ivan Lencina, DNI: 43212345','2024-12-14 22:33:16'),(22,1,'Eliminar Usuario','Usuario eliminado: ','2024-12-14 22:54:09'),(23,1,'Eliminar Persona','Persona eliminada: Lautaro Gimenez','2024-12-14 22:59:08'),(24,1,'Agregar Persona','Persona agregada: borrar probando, DNI: 87542136','2024-12-14 23:00:45'),(25,1,'Modificar Persona','Persona modificada: borrarme probando, DNI: 87542136','2024-12-14 23:01:03'),(26,1,'Modificar Persona','Persona modificada: borrarme probando, DNI: 87542136','2024-12-14 23:01:08'),(27,1,'Eliminar Usuario','Usuario eliminado: ','2024-12-14 23:01:40'),(28,1,'Eliminar Persona','Persona eliminada: borrarme probando','2024-12-14 23:02:06'),(29,1,'Eliminar Usuario','Usuario eliminado: ','2024-12-14 23:09:24'),(30,1,'Eliminar Usuario','Usuario eliminado: ','2024-12-14 23:10:33'),(31,1,'Eliminar Usuario','Usuario eliminado: lautaro.jimenez','2024-12-14 23:44:47'),(32,10,'Eliminar Persona','Persona eliminada: Lucas Gonzalez','2024-12-15 00:37:30');
/*!40000 ALTER TABLE `auditoria` ENABLE KEYS */;
UNLOCK TABLES;

--
-- Table structure for table `bitacoraAccesos`
--

DROP TABLE IF EXISTS `bitacoraAccesos`;
/*!40101 SET @saved_cs_client     = @@character_set_client */;
/*!50503 SET character_set_client = utf8mb4 */;
CREATE TABLE `bitacoraAccesos` (
  `id` int(11) NOT NULL AUTO_INCREMENT,
  `token_id` int(11) NOT NULL,
  `fechaIngreso` datetime DEFAULT NULL,
  `fechaEgreso` datetime DEFAULT NULL,
  `idUsuario` int(11) DEFAULT NULL,
  PRIMARY KEY (`id`),
  KEY `token_id` (`token_id`),
  KEY `fk_usuario` (`idUsuario`),
  CONSTRAINT `bitacoraAccesos_ibfk_1` FOREIGN KEY (`token_id`) REFERENCES `tokens` (`id`),
  CONSTRAINT `fk_usuario` FOREIGN KEY (`idUsuario`) REFERENCES `usuarios` (`id`)
) ENGINE=InnoDB AUTO_INCREMENT=64 DEFAULT CHARSET=utf8mb4 COLLATE=utf8mb4_general_ci;
/*!40101 SET character_set_client = @saved_cs_client */;

--
-- Dumping data for table `bitacoraAccesos`
--

LOCK TABLES `bitacoraAccesos` WRITE;
/*!40000 ALTER TABLE `bitacoraAccesos` DISABLE KEYS */;
INSERT INTO `bitacoraAccesos` VALUES (1,22,'2024-05-28 13:28:02',NULL,NULL),(2,22,'2024-05-28 13:28:12',NULL,NULL),(3,22,'2024-05-28 13:29:03',NULL,NULL),(4,22,'2024-05-28 13:47:46',NULL,NULL),(5,22,'2024-05-28 13:57:40',NULL,NULL),(6,22,'2024-05-28 16:46:28',NULL,NULL),(7,22,'2024-05-28 16:55:28',NULL,NULL),(8,22,'2024-05-28 22:11:34',NULL,NULL),(9,22,'2024-05-28 22:12:16',NULL,NULL),(10,22,'2024-05-28 22:17:12',NULL,NULL),(11,22,'2024-05-30 14:12:01',NULL,NULL),(12,22,'2024-06-03 21:42:57',NULL,NULL),(13,22,'2024-06-03 21:52:55',NULL,NULL),(14,22,'2024-06-05 19:33:53',NULL,NULL),(15,22,'2024-06-06 23:51:40',NULL,NULL),(16,22,'2024-06-12 21:38:08',NULL,NULL),(17,22,'2024-06-12 21:38:42',NULL,NULL),(18,22,'2024-06-12 21:40:42',NULL,NULL),(19,22,'2024-06-12 21:42:36',NULL,NULL),(20,22,'2024-06-12 21:43:44',NULL,NULL),(21,22,'2024-06-12 21:43:59',NULL,NULL),(22,22,'2024-06-12 21:45:08',NULL,NULL),(23,22,'2024-06-12 21:45:27',NULL,NULL),(24,22,'2024-06-12 21:46:08',NULL,NULL),(25,22,'2024-06-12 21:48:25',NULL,NULL),(26,22,'2024-06-12 21:48:48',NULL,NULL),(27,22,'2024-06-12 22:03:54',NULL,NULL),(28,22,'2024-06-12 22:04:07',NULL,NULL),(29,22,'2024-06-12 22:04:08',NULL,NULL),(30,22,'2024-06-12 22:04:19',NULL,NULL),(31,22,'2024-06-12 22:04:45',NULL,NULL),(32,22,'2024-06-12 22:51:23',NULL,NULL),(33,22,'2024-06-12 23:46:01',NULL,NULL),(34,22,'2024-06-22 00:30:48',NULL,NULL),(35,22,'2024-06-24 18:36:09',NULL,NULL),(36,22,'2024-06-24 21:41:16',NULL,NULL),(37,22,'2024-06-24 23:38:48',NULL,NULL),(38,22,'2024-06-24 23:42:43',NULL,NULL),(39,22,'2024-07-31 17:20:20',NULL,NULL),(40,22,'2024-08-12 16:00:39',NULL,NULL),(41,22,'2024-08-12 21:46:14',NULL,NULL),(42,102,'2024-08-12 22:55:34',NULL,NULL),(43,108,'2024-08-13 23:51:23',NULL,NULL),(44,109,'2024-08-14 00:02:57',NULL,NULL),(45,110,'2024-08-15 00:54:54',NULL,NULL),(46,112,'2024-08-19 19:08:17',NULL,NULL),(47,130,'2024-09-09 17:12:14','2024-09-09 17:12:38',1),(48,133,'2024-09-09 18:58:41','2024-09-09 19:03:19',1),(49,144,'2024-09-09 22:28:32','2024-09-09 22:29:01',2),(50,146,'2024-09-25 14:23:47','2024-09-30 11:45:08',2),(51,147,'2024-09-30 11:42:35','2024-09-30 11:43:07',6),(52,150,'2024-09-30 23:22:00','2024-09-30 23:24:17',2),(53,155,'2024-09-30 23:53:36','2024-09-30 23:54:41',2),(54,157,'2024-10-02 00:26:50','2024-10-02 00:27:12',1),(55,159,'2024-10-02 21:04:36','2024-10-02 21:06:20',1),(56,162,'2024-10-02 21:17:19','2024-10-02 21:18:26',1),(57,164,'2024-10-09 23:42:28','2024-10-09 23:42:47',1),(58,166,'2024-10-18 22:15:17','2024-10-18 22:16:26',1),(59,169,'2024-12-12 15:30:46','2024-12-14 21:38:49',1),(60,170,'2024-12-14 21:40:05','2024-12-14 21:48:52',1),(61,176,'2024-12-14 23:56:26','2024-12-15 00:38:25',10),(62,178,'2024-12-15 01:02:43','2024-12-15 01:04:21',10),(63,180,'2024-12-15 13:37:29',NULL,1);
/*!40000 ALTER TABLE `bitacoraAccesos` ENABLE KEYS */;
UNLOCK TABLES;

--
-- Table structure for table `personas`
--

DROP TABLE IF EXISTS `personas`;
/*!40101 SET @saved_cs_client     = @@character_set_client */;
/*!50503 SET character_set_client = utf8mb4 */;
CREATE TABLE `personas` (
  `id` int(11) NOT NULL AUTO_INCREMENT,
  `nombre` varchar(50) NOT NULL,
  `apellido` varchar(50) NOT NULL,
  `edad` int(11) DEFAULT NULL,
  `dni` varchar(20) NOT NULL,
  `mail` varchar(100) DEFAULT NULL,
  `telefono` varchar(20) DEFAULT NULL,
  `direccion` varchar(100) DEFAULT NULL,
  `localidad` varchar(50) DEFAULT NULL,
  `legajo` varchar(20) NOT NULL,
  `carrera` varchar(50) DEFAULT NULL,
  `turno` enum('Ma침ana','Tarde','Noche') NOT NULL,
  `deleted` tinyint(1) DEFAULT 0,
  PRIMARY KEY (`id`),
  UNIQUE KEY `dni` (`dni`),
  UNIQUE KEY `legajo` (`legajo`)
) ENGINE=InnoDB AUTO_INCREMENT=13 DEFAULT CHARSET=utf8mb4 COLLATE=utf8mb4_general_ci;
/*!40101 SET character_set_client = @saved_cs_client */;

--
-- Dumping data for table `personas`
--

LOCK TABLES `personas` WRITE;
/*!40000 ALTER TABLE `personas` DISABLE KEYS */;
INSERT INTO `personas` VALUES (1,'Luis','Toncic',36,'12345670','x1720x@gmail.com','1124989099','Calle Principal 123','Avellaneda','L001','TSAS','Ma침ana',0),(2,'Diego','Klehr',45,'23456789','diego@example.com','1198765432','Avenida Central 456','Bernal','L002','TSAS','Noche',0),(3,'Ricardo','Soriano',55,'34567890','ricardo@example.com','1145678901','Plaza Mayor 789','Ciudadela','L003','TSAS','Noche',0),(4,'Lucas','Gonzalez',30,'37953704','lucas.gonz@aol.com','01123456978','avellaneda ','1234','L004','TSAS','Noche',1),(6,'Lautaro','Gimenez',24,'43658139','lautaro.jimenez@itbeltran.com.ar','20511720','Calle falsa 1234','Avellaneda, Villa dominico','LJ001','TSAS','Tarde',1),(10,'Ivan','Lencina',26,'43212345','lencina@gmail.com','1123456789','mi casita 1235','Burzaco','L0015','TSAS','Noche',0),(12,'borrarme','probando',35,'87542136','jose@gmail.com','1124989099','ocantos 552','Avellaneda','BOR123','higiene','Tarde',1);
/*!40000 ALTER TABLE `personas` ENABLE KEYS */;
UNLOCK TABLES;

--
-- Table structure for table `tokens`
--

DROP TABLE IF EXISTS `tokens`;
/*!40101 SET @saved_cs_client     = @@character_set_client */;
/*!50503 SET character_set_client = utf8mb4 */;
CREATE TABLE `tokens` (
  `id` int(11) NOT NULL AUTO_INCREMENT,
  `token` varchar(255) NOT NULL,
  `fecha_creacion` datetime NOT NULL,
  `fecha_expiracion` datetime NOT NULL,
  `usuario_id` int(11) DEFAULT NULL,
  `usado` tinyint(1) DEFAULT 0,
  PRIMARY KEY (`id`),
  UNIQUE KEY `token` (`token`),
  KEY `usuario_id` (`usuario_id`),
  CONSTRAINT `tokens_ibfk_2` FOREIGN KEY (`usuario_id`) REFERENCES `usuarios` (`id`)
) ENGINE=InnoDB AUTO_INCREMENT=181 DEFAULT CHARSET=utf8mb4 COLLATE=utf8mb4_general_ci;
/*!40101 SET character_set_client = @saved_cs_client */;

--
-- Dumping data for table `tokens`
--

LOCK TABLES `tokens` WRITE;
/*!40000 ALTER TABLE `tokens` DISABLE KEYS */;
INSERT INTO `tokens` VALUES (1,'e3619e69409eb5a5a2b77a4f05dc73fe','2024-05-28 12:16:00','2024-05-28 13:16:00',NULL,0),(2,'5d7dbb1a3b754ac540a8349310580a8f','2024-05-28 12:17:57','2024-05-28 13:17:57',NULL,0),(14,'8cf97869cbe50bff545cf2aa707ccf2e','2024-05-28 12:36:24','2024-05-28 13:36:24',NULL,0),(15,'b9951b30981dc06e8e07daee10414167','2024-05-28 12:39:35','2024-05-28 13:39:35',NULL,0),(16,'d4e9460af69ad07f9ce79e648f8719d8','2024-05-28 12:39:52','2024-05-28 13:39:52',NULL,0),(17,'b438bc736f634809f74fb6f6d8581039','2024-05-28 12:40:14','2024-05-28 13:40:14',NULL,0),(18,'3dc87a5fd065b3d1243068fab1881986','2024-05-28 12:42:28','2024-05-28 13:42:28',NULL,0),(19,'113567ce42a1345d3025e5e55234153c','2024-05-28 12:43:12','2024-05-28 13:43:12',NULL,0),(20,'7d4dc292ac726891d18f34571a17d56b','2024-05-28 13:03:02','2024-05-28 14:03:02',NULL,0),(21,'4ce1dae953ade19f9d2b6296d354ef44','2024-05-28 13:18:40','2024-05-28 14:18:40',NULL,0),(22,'18ee2eb011e58b969a304874af8788c7','2024-05-28 13:18:40','2027-05-28 23:18:40',NULL,0),(23,'af3a4a2ed7366315fd803975ca374a97','2024-05-28 13:28:48','2024-05-28 14:28:48',NULL,0),(24,'2940acc88988625720eb695caa09ee08','2024-05-28 13:39:01','2024-05-28 14:39:01',NULL,0),(25,'904a3da849d3e4e4f352716fd4c2177d','2024-05-28 13:39:02','2024-05-28 14:39:02',NULL,0),(26,'06215b09b07ff0be7f64a248fa0e0942','2024-05-28 13:41:05','2024-05-28 14:41:05',NULL,0),(27,'4361dadb650a865211338d86caad76c6','2024-05-28 13:42:49','2024-05-28 14:42:49',NULL,0),(28,'4a20b09fb47fb3c6badcf507a78d9b40','2024-05-28 13:46:04','2024-05-28 14:46:04',NULL,0),(29,'09a60dde852d552d1c14340d6febbc25','2024-05-28 13:47:04','2024-05-28 14:47:04',NULL,0),(30,'3d67189246d61fb93a48d9e2b60b2330','2024-05-28 13:56:27','2024-05-28 14:56:27',NULL,0),(31,'5591ac283f18a79a4d73524feccfa7e5','2024-05-28 16:28:44','2024-05-28 17:28:44',NULL,0),(32,'80ecd9227620ee9cb823a558267e035b','2024-05-28 16:28:58','2024-05-28 17:28:58',NULL,0),(33,'ef40dacf6e10c6c129815223fc089d6f','2024-05-28 16:44:00','2024-05-28 17:44:00',NULL,0),(34,'603f5ea3a0abc729e6fc5557489c59c8','2024-05-28 16:46:10','2024-05-28 17:46:10',NULL,0),(35,'bcac8ee72a1790b7ec261f8b8cb42e47','2024-05-28 16:49:21','2024-05-28 17:49:21',NULL,0),(36,'ecb3766716c9d47be49e7b8557ab6e87','2024-05-28 16:51:52','2024-05-28 17:51:52',NULL,0),(37,'e94fed031f233c15ec3e08031ecdaf91','2024-05-28 16:55:10','2024-05-28 17:55:10',NULL,0),(38,'f96e8b685cb08e2f136a4e6ef50dbe5a','2024-05-28 18:54:50','2024-05-28 19:54:50',NULL,0),(39,'81180247b7e833bdddca45953bcb1d83','2024-05-28 22:11:12','2024-05-28 23:11:12',NULL,0),(40,'47a486728a0acd8fdb14a39777f8360f','2024-05-28 22:16:20','2024-05-28 23:16:20',NULL,0),(41,'33a264254d5467c31d14f9df5265c176','2024-05-28 23:12:49','2024-05-29 00:12:49',NULL,0),(42,'ba7a2869278955c38652e12b48fe8aec','2024-05-29 15:25:50','2024-05-29 16:25:50',NULL,0),(43,'18ce8a52e528beee37ea5b1b02531749','2024-05-30 11:42:01','2024-05-30 12:42:01',NULL,0),(44,'b1f93a27045e89d2663482057d0fc567','2024-05-30 13:23:18','2024-05-30 14:23:18',NULL,0),(45,'f6dfaeaf13bc7d7c5d3240ffde41c13f','2024-05-30 14:11:42','2024-05-30 15:11:42',NULL,0),(46,'f1b3e3467a2cfd941e7d5f7c42fb535f','2024-05-30 14:14:45','2024-05-30 15:14:45',NULL,0),(47,'53b2f6ab83ffaf7b8e704d98d2c5b9d4','2024-05-30 18:21:03','2024-05-30 19:21:03',NULL,0),(48,'3b54e6e0cc71dd41bab0c1dd597b0475','2024-05-31 22:23:52','2024-05-31 23:23:52',NULL,0),(49,'24cc428ec85d57278cf60e0070c76f45','2024-06-02 01:04:46','2024-06-02 02:04:46',NULL,0),(50,'4b39e51419fa0cad2d2185b9059c8104','2024-06-02 01:08:01','2024-06-02 02:08:01',NULL,0),(51,'219a97a2e79d1752f2317c7984080c1f','2024-06-03 17:08:43','2024-06-03 18:08:43',NULL,0),(52,'46c8374ab590397c0455f7fa7d174d4f','2024-06-03 21:39:10','2024-06-03 22:39:10',NULL,0),(53,'70b8d4d6e91cd3076fc47c6e1608c714','2024-06-03 21:42:09','2024-06-03 22:42:09',NULL,0),(54,'8827e6982549a257a97569c344db70af','2024-06-03 21:48:19','2024-06-03 22:48:19',NULL,0),(55,'e649e02720db88bd5fa3e980587de6ab','2024-06-03 21:50:43','2024-06-03 22:50:43',NULL,0),(56,'5ce1aa25753b5720754eac92871ba1fa','2024-06-05 19:33:37','2024-06-05 20:33:37',NULL,0),(57,'a354f3d462e41937a767df14723c467b','2024-06-05 19:44:22','2024-06-05 20:44:22',NULL,0),(58,'ea656e888c219c4a23a75dc395375f40','2024-06-05 19:44:26','2024-06-05 20:44:26',NULL,0),(59,'081dd0206d7ed138e5a8cdce9c007f77','2024-06-05 19:44:30','2024-06-05 20:44:30',NULL,0),(60,'0b527e74492d8bb7b27ef347ba174a9b','2024-06-05 19:44:39','2024-06-05 20:44:39',NULL,0),(61,'e82fe8b41f32ee2941207ea95b3bd7b7','2024-06-05 19:44:42','2024-06-05 20:44:42',NULL,0),(62,'6ab8841ea9d5a289044e338c46f6b6ad','2024-06-05 19:44:45','2024-06-05 20:44:45',NULL,0),(63,'5204b72cb3c047985759184e1ef3997f','2024-06-05 19:44:54','2024-06-05 20:44:54',NULL,0),(66,'612032fd79de41d13325718be5967e6e','2024-06-05 19:47:42','2024-06-05 20:47:42',NULL,0),(67,'62e7450f455c00063e33e9a82a4cc06f','2024-06-05 19:49:53','2024-06-05 20:49:53',NULL,0),(68,'49d6cf9bcebdc6ca01bb159e47c25bbc','2024-06-06 23:51:03','2024-06-07 00:51:03',NULL,0),(69,'5afdb745031811781b1dfe210be167be','2024-06-12 21:37:52','2024-06-12 22:37:52',NULL,0),(70,'4fee48d449df037896172fc407bd8f0f','2024-06-12 21:38:29','2024-06-12 22:38:29',NULL,0),(71,'48de6937d0969bb4256fec1422ec648a','2024-06-12 21:40:32','2024-06-12 22:40:32',NULL,0),(72,'7d8bee243c5c10c451800354c6febee2','2024-06-12 21:42:24','2024-06-12 22:42:24',NULL,0),(73,'d2f8501d7cd5c5f654e4c1cef3bdc3f4','2024-06-12 21:43:32','2024-06-12 22:43:32',NULL,0),(74,'6f4ac270224b2da711fd2e52d801c782','2024-06-12 21:43:50','2024-06-12 22:43:50',NULL,0),(75,'e3a0a46699b7cc4d07b82612911c69ee','2024-06-12 21:44:50','2024-06-12 22:44:50',NULL,0),(76,'b6166605bd4f7a5c96bc7c9c6154329b','2024-06-12 21:45:53','2024-06-12 22:45:53',NULL,0),(77,'f52391490e6797433318c0ebf88776d1','2024-06-12 21:48:10','2024-06-12 22:48:10',NULL,0),(78,'894da8a04ce77ff829671458817b8943','2024-06-12 21:48:38','2024-06-12 22:48:38',NULL,0),(79,'8cf9552f2cb6558a44faaa822506e282','2024-06-12 22:03:06','2024-06-12 23:03:06',NULL,0),(80,'98e41082e6ccfbcc4989541698ec5c61','2024-06-12 22:03:15','2024-06-12 23:03:15',NULL,0),(81,'4a3d18b53313b6e4b9a8419a2201e9f5','2024-06-12 22:03:23','2024-06-12 23:03:23',NULL,0),(82,'d6133b7ece348181fe324e16b212842c','2024-06-12 22:03:28','2024-06-12 23:03:28',NULL,0),(83,'76a750bbb8c353431356bad93e015e9b','2024-06-12 22:04:32','2024-06-12 23:04:32',NULL,0),(84,'66b3e41e7e6f5333f8c842b8e9155dc1','2024-06-12 22:50:47','2024-06-12 23:50:47',NULL,0),(85,'f7e25410ecfbe71b544c37e1adcb47b6','2024-06-12 23:45:22','2024-06-13 00:45:22',NULL,0),(86,'8f9178de63489ce6e83d6188d3a2e990','2024-06-22 00:29:50','2024-06-22 01:29:50',NULL,0),(87,'1b31fe04e87a7c9373013e818b254f90','2024-06-22 00:36:39','2024-06-22 01:36:39',NULL,0),(88,'cc1ebcda0355077e460b4e503ca745df','2024-06-24 18:35:56','2024-06-24 19:35:56',NULL,0),(89,'2d67a3169342c28412b40ae9dc06fd4e','2024-06-24 21:41:02','2024-06-24 22:41:02',NULL,0),(90,'5aa9ac18f7f24bb487906fb27aae758a','2024-06-24 22:10:13','2024-06-24 23:10:13',NULL,0),(91,'44402ce2ee7b41cbc0004ae436f16db2','2024-06-24 23:38:35','2024-06-25 00:38:35',NULL,0),(92,'41c20aa1969f81b660c4c1f15fb0142f','2024-07-31 17:19:11','2024-07-31 18:19:11',NULL,0),(93,'728fbc494112c91302b71b8f35291644','2024-08-12 15:51:33','2024-08-12 16:51:33',NULL,0),(94,'c191ff76a44fa7f99cea33216872d8c7','2024-08-12 16:00:12','2024-08-12 17:00:12',NULL,0),(95,'683c4823070d47c990bae5248d8a5dbd','2024-08-12 18:31:41','2024-08-12 19:31:41',NULL,0),(96,'f5d3cafe97d7064415274bd586695722','2024-08-12 18:37:45','2024-08-12 19:37:45',NULL,0),(97,'aa776c5dca244238e5f97ef708cb28bb','2024-08-12 21:34:37','2024-08-12 22:34:37',NULL,0),(98,'e84d7b20252e95f85390d4276d12fa8a','2024-08-12 21:37:33','2024-08-12 22:37:33',NULL,0),(99,'faf3152be0ca806cef49415b8ace5280','2024-08-12 21:44:44','2024-08-12 22:44:44',NULL,0),(100,'dc819aacaedb0176fe68fefd825213ce','2024-08-12 22:23:49','2024-08-12 23:23:49',NULL,0),(101,'cbdda1da335196770be6cc75efa269aa','2024-08-12 22:32:02','2024-08-12 23:32:02',NULL,0),(102,'22697ca5f2c6bfad54f9652715234afd','2024-08-12 22:40:09','2024-08-12 23:40:09',NULL,0),(103,'8b01862a667ff4243a70c93ef074ee52','2024-08-12 22:42:27','2024-08-12 23:42:27',NULL,0),(104,'03cf2640122bf1c52cbb7f67a8f871b9','2024-08-12 22:46:06','2024-08-12 23:46:06',NULL,0),(105,'21ef88c0db9fb65de3e574a88c6e5fb0','2024-08-12 22:50:16','2024-08-12 23:50:16',NULL,0),(106,'0268654d2066f99b4cee820cfa8ed057','2024-08-12 22:50:45','2024-08-12 23:50:45',NULL,0),(107,'1b84a0af785100d981fdaf7a5223b891','2024-08-12 23:14:35','2024-08-13 00:14:35',NULL,0),(108,'b0902749e38bade351e9eb4e5ba81fc4','2024-08-13 23:50:45','2024-08-14 00:50:45',NULL,0),(109,'6fe6662a7a462672f36117630ae75143','2024-08-14 00:02:38','2024-08-14 01:02:38',NULL,0),(110,'a03a2b4c29497e843bc10d38f6df4f99','2024-08-15 00:54:06','2024-08-15 01:54:06',NULL,0),(111,'46e658ecdc698bdf9ca8facfe9188e05','2024-08-19 19:04:28','2024-08-19 20:04:28',NULL,0),(112,'25d4c2043687c9c2869b6ec938699a32','2024-08-19 19:07:11','2024-08-19 20:07:11',NULL,0),(113,'0f857144abbca003dba146a831cf3fcb','2024-08-19 19:12:47','2024-08-19 20:12:47',NULL,0),(114,'a62fd970553fbab00068c2b24e749c92','2024-08-19 21:24:25','2024-08-19 22:24:25',NULL,0),(115,'90397c52fa974913c428de0c003f909f','2024-08-19 21:31:22','2024-08-19 22:31:22',NULL,0),(116,'041d89af852e4c6826821da073371a9f','2024-08-21 12:04:18','2024-08-21 13:04:18',NULL,0),(117,'2296a97f977203ffa1489b7a1e68783e','2024-08-26 23:07:25','2024-08-27 00:07:25',NULL,0),(118,'b200ca11aca432bfdd631ff4c2ba3e94','2024-08-27 22:23:09','2024-08-27 23:23:09',NULL,0),(119,'a1cd5d542133a467ecd01cfa27af9e07','2024-09-01 02:45:49','2024-09-01 03:45:49',NULL,0),(120,'d06412895e0f6973ddab7db82a26504d','2024-09-02 21:21:39','2024-09-02 22:21:39',NULL,0),(121,'a31f0c721555902815b7f0761aea6c50','2024-09-02 23:11:24','2024-09-03 00:11:24',NULL,0),(122,'ad1e282bf6cb1ae49437996c4faac014','2024-09-05 13:24:01','2024-09-05 14:24:01',NULL,0),(123,'398f752900b76ba4cb2df944285ce7e1','2024-09-05 15:12:27','2024-09-05 16:12:27',NULL,0),(124,'795b24d4e2766fe70707ca2274e93e07','2024-09-09 16:00:05','2024-09-09 17:00:05',NULL,0),(125,'f484c4a9eb407f55175cfc9e5eccc146','2024-09-09 16:08:38','2024-09-09 17:08:38',NULL,0),(126,'47957002bd4042a00ab669b3615daf94','2024-09-09 16:17:35','2024-09-09 17:17:35',NULL,0),(127,'14a360eaa010ca72203ef4bce320814e','2024-09-09 16:26:17','2024-09-09 17:26:17',NULL,0),(128,'834a402d8e57c3864136a56870e3ebc8','2024-09-09 17:00:26','2024-09-09 18:00:26',NULL,0),(129,'22e0543b6ac035f4e7832d82d4e7c936','2024-09-09 17:11:34','2024-09-09 18:11:34',NULL,0),(130,'d2ed16a064e4a93d14ea0950fa1e9d6d','2024-09-09 17:12:05','2024-09-09 18:12:05',NULL,0),(131,'6769ae24635705fb9a5e96fecd49e8b4','2024-09-09 17:12:32','2024-09-09 18:12:32',NULL,0),(132,'537234cea7b1ce377bf7bd1c8243f52e','2024-09-09 18:56:10','2024-09-09 19:56:10',1,0),(133,'ac2cdcdf408afc5e8a7e8ce2e1cfcfe0','2024-09-09 18:58:34','2024-09-09 19:58:34',1,0),(134,'81b16c2f2297c1a31d46e1e440f38b09','2024-09-09 19:03:10','2024-09-09 20:03:10',1,0),(135,'18bcf63c3375331a5946213ca2b28ede','2024-09-09 21:38:10','2024-09-09 22:38:10',2,0),(136,'f101761392b3093478f417d799206fab','2024-09-09 21:39:14','2024-09-09 22:39:14',2,0),(137,'97e0cf94196fee19318f05cac6badd28','2024-09-09 21:41:18','2024-09-09 22:41:18',2,0),(138,'7120f25a122c056fe369eeea1e42b3ff','2024-09-09 21:44:35','2024-09-09 22:44:35',2,0),(139,'69b323057c8d4a7ea9288fa2206afbb3','2024-09-09 21:45:19','2024-09-09 22:45:19',2,0),(140,'3a7bb32d7653985e12b2df9de701a02f','2024-09-09 21:46:00','2024-09-09 22:46:00',2,0),(141,'0ad99e59bcd23ebd0e159b229c8b5974','2024-09-09 21:46:03','2024-09-09 22:46:03',2,0),(142,'b0cb4df97a47a6fa711f22dcd8fc0fe0','2024-09-09 21:46:35','2024-09-09 22:46:35',2,0),(143,'cf9641fbdded49acd31edbe3a2ab0ebf','2024-09-09 21:49:55','2024-09-09 22:49:55',2,0),(144,'518b41ff957aeb8b61aa411016c92ea1','2024-09-09 22:28:18','2024-09-09 23:28:18',2,0),(145,'a6d7b13c86b136b0b09260364433c311','2024-09-09 22:28:54','2024-09-09 23:28:54',2,0),(146,'e690644eca25676c415a05dd84d8be9f','2024-09-25 14:22:13','2024-09-25 15:22:13',2,0),(147,'c694d6179dc9033d2c817a0a1ed405cf','2024-09-30 11:42:22','2024-09-30 12:42:22',6,0),(148,'842e89f2cc8ca994c566dc3f77276746','2024-09-30 11:42:57','2024-09-30 12:42:57',6,0),(149,'a82bfc504393b16f51d49ca4ac21e75f','2024-09-30 11:45:02','2024-09-30 12:45:02',2,0),(150,'68aedc4b8c9efd1406b52aabae903399','2024-09-30 23:20:00','2024-10-01 00:20:00',2,0),(151,'db47d6d8fc35d5717d92cf07f0c44dbe','2024-09-30 23:23:54','2024-10-01 00:23:54',2,0),(152,'b44f457b6f7f405d9c10a3109e63d52e','2024-09-30 23:30:07','2024-10-01 00:30:07',2,0),(153,'7863977d5b1f00f8b6dd70cd0f2773a6','2024-09-30 23:34:54','2024-10-01 00:34:54',2,0),(154,'459c07b94e2e8506e28a945d50ccf844','2024-09-30 23:41:52','2024-10-01 00:41:52',2,0),(155,'315ba6376a9d34f2044ad92d147d877d','2024-09-30 23:52:43','2024-10-01 00:52:43',2,0),(156,'9678bbe48464924edb02bc2b1ca7d3a4','2024-09-30 23:54:21','2024-10-01 00:54:21',2,0),(157,'b11a4c31dbf1d78eae71b16914a327cb','2024-10-02 00:26:43','2024-10-02 01:26:43',1,0),(158,'09efbb770f35441a0fb8db8248fec685','2024-10-02 00:27:05','2024-10-02 01:27:05',1,0),(159,'de7a936d666eb783a0f07089ef14c9c5','2024-10-02 21:04:15','2024-10-02 22:04:15',1,0),(160,'2828afe07e94f006015f55cb43fda19b','2024-10-02 21:05:58','2024-10-02 22:05:58',1,0),(161,'1bc989070f0a6c82a3b2124f26a97f83','2024-10-02 21:06:45','2024-10-02 22:06:45',1,0),(162,'f496d9b93e3b37348306b4a6989452c0','2024-10-02 21:17:08','2024-10-02 22:17:08',1,0),(163,'cba8527fb3550f47dfba9af50e8815ec','2024-10-02 21:18:17','2024-10-02 22:18:17',1,0),(164,'dd50f213e8788aff761329d486ea218f','2024-10-09 23:42:17','2024-10-10 00:42:17',1,0),(165,'8efb2c076d96231aad16f543b610a712','2024-10-09 23:42:40','2024-10-10 00:42:40',1,0),(166,'0b391d9f0a4daab73f35129428d0634c','2024-10-18 22:14:42','2024-10-18 23:14:42',1,0),(167,'a82cd987172e6a37ab21d86a8e70e7e3','2024-10-18 22:16:09','2024-10-18 23:16:09',1,0),(168,'c71b623c3548daa149610e8d5f0ba8c9','2024-12-12 14:59:20','2024-12-12 15:59:20',1,0),(169,'bc7618e44d40cfda30f03dad6ad97dc2','2024-12-12 15:30:04','2024-12-12 16:30:04',1,0),(170,'96ad8a95a6eba437877f49f9b2dfbbab','2024-12-14 21:37:58','2024-12-14 22:37:58',1,0),(171,'bbb85ed32020aadef506d1b880814d12','2024-12-14 21:38:01','2024-12-14 22:38:01',NULL,0),(172,'98731a222ff93521750e0d2d59e32639','2024-12-14 21:48:36','2024-12-14 22:48:36',1,0),(173,'bec8a37683a78b8db093e63c5b00cd76','2024-12-14 23:50:54','2024-12-14 23:51:08',10,0),(174,'4828d3d26d177df35f01cf2071392777','2024-12-14 23:51:44','2024-12-14 23:51:58',10,0),(175,'57a6f44b4d16ce739a9705435c2a2318','2024-12-14 23:53:06','2024-12-14 23:53:20',10,0),(176,'e584cd1b87e60a4158fd246f416f85c3','2024-12-14 23:56:13','2024-12-14 23:56:43',10,0),(177,'fe7c629a01bea54f053381460ec00488','2024-12-15 00:37:57','2024-12-15 01:37:57',10,1),(178,'dae45547f5c0c2dee30cc8ab2f1e261d','2024-12-15 01:02:31','2024-12-15 02:02:31',10,1),(179,'ca44239ee430d2fac7d7692cdcde37dc','2024-12-15 01:03:31','2024-12-15 02:03:31',10,1),(180,'6cbd7d520da77144dae5ae0ffd701e74','2024-12-15 13:37:14','2024-12-15 14:37:14',1,1);
/*!40000 ALTER TABLE `tokens` ENABLE KEYS */;
UNLOCK TABLES;

--
-- Table structure for table `usuarios`
--

DROP TABLE IF EXISTS `usuarios`;
/*!40101 SET @saved_cs_client     = @@character_set_client */;
/*!50503 SET character_set_client = utf8mb4 */;
CREATE TABLE `usuarios` (
  `id` int(11) NOT NULL AUTO_INCREMENT,
  `usuario` varchar(50) NOT NULL,
  `contrase침a` varchar(255) NOT NULL,
  `rol` enum('personal','alumno','docente','directivo','administrativo','invitado') NOT NULL,
  `estado` enum('dentro','fuera') DEFAULT 'fuera',
  `legajo` varchar(20) DEFAULT NULL,
  `deleted` tinyint(1) DEFAULT 0,
  PRIMARY KEY (`id`),
  KEY `legajo` (`legajo`),
  CONSTRAINT `usuarios_ibfk_1` FOREIGN KEY (`legajo`) REFERENCES `personas` (`legajo`)
) ENGINE=InnoDB AUTO_INCREMENT=13 DEFAULT CHARSET=utf8mb4 COLLATE=utf8mb4_general_ci;
/*!40101 SET character_set_client = @saved_cs_client */;

--
-- Dumping data for table `usuarios`
--

LOCK TABLES `usuarios` WRITE;
/*!40000 ALTER TABLE `usuarios` DISABLE KEYS */;
INSERT INTO `usuarios` VALUES (1,'elpand4s','1234','directivo','dentro','L001',0),(2,'batataloco','1234','docente','fuera','L002',0),(3,'r.soriano','beltran2024','directivo','fuera','L003',0),(6,'lautaro.jimenez','holamun','alumno','fuera','LJ001',1),(10,'ivan','1234','directivo','fuera','L0015',0),(12,'borrar.probando','Beltran*','administrativo','fuera','BOR123',1);
/*!40000 ALTER TABLE `usuarios` ENABLE KEYS */;
UNLOCK TABLES;

--
-- Dumping routines for database 'CdeABeltran24'
--
/*!40103 SET TIME_ZONE=@OLD_TIME_ZONE */;

/*!40101 SET SQL_MODE=@OLD_SQL_MODE */;
/*!40014 SET FOREIGN_KEY_CHECKS=@OLD_FOREIGN_KEY_CHECKS */;
/*!40014 SET UNIQUE_CHECKS=@OLD_UNIQUE_CHECKS */;
/*!40101 SET CHARACTER_SET_CLIENT=@OLD_CHARACTER_SET_CLIENT */;
/*!40101 SET CHARACTER_SET_RESULTS=@OLD_CHARACTER_SET_RESULTS */;
/*!40101 SET COLLATION_CONNECTION=@OLD_COLLATION_CONNECTION */;
/*!40111 SET SQL_NOTES=@OLD_SQL_NOTES */;

-- Dump completed on 2024-12-17  9:46:35
